method_key,method_name,T,N1,pi_hat,LR_uc,p_value,N00,N01,N10,N11,LR_ind,p_value_ind,LR_cc,p_value_cc
hist,Historical,61,6,0.09836065573770492,2.372202242442924,0.12351270139935216,49,5,5,1,0.28571361081891666,0.5929805346727881,2.6579158532618408,0.26475300966061005
param,ParametricNormal,61,4,0.06557377049180328,0.28488174156656143,0.5935192564826409,52,4,4,0,0.5719154744470991,0.4494987602950665,0.8567972160136605,0.651551649325588
mc,MC_Bootstrap,81,31,0.38271604938271603,83.07347456306107,7.905947916522751e-20,32,17,18,13,0.42294026771240567,0.515473542175708,83.49641483077347,7.395778404184721e-19
